{
  "project": {
    "version": "1.0.0",
    "name": "active-assist"
  },
  "apps": [
    {
      "root": "src",
      "outDir": "",
      "assets": ["assets"],
      "index": "index.html",
      "main": "main.ts",
      "polyfills": "polyfills.ts",
      "test": "test.ts",
      "tsconfig": "tsconfig.json",
      "prefix": "app",
      "mobile": false,
      "styles": [
        "scss/style.scss",
        "../node_modules/ngx-toastr/toastr.css",
        "assets/css/bootstrap-datetimepicker.css"
      ],
      "scripts": [
        "../node_modules/chart.js/dist/Chart.bundle.min.js",
        "../node_modules/chart.js/dist/Chart.min.js",
        "../node_modules/jquery/jquery.min.js",
        "../node_modules/bootstrap/dist/js/bootstrap.min.js",
        "assets/js/bootstrap-datetimepicker.js"
      ],
      "environmentSource": "environments/environment.ts",
      "environments": {
        "dev": "environments/environment.ts",
        "prod": "environments/environment.prod.ts"
      }
    }
  ],
  "e2e": {
    "protractor": {
      "config": "./protractor.conf.js"
    }
  },
  "lint": [
    {
      "files": "src/**/*.ts",
      "project": "src/tsconfig.json"
    },
    {
      "files": "e2e/**/*.ts",
      "project": "e2e/tsconfig.json"
    }
  ],
  "test": {
    "karma": {
      "config": "./karma.conf.js"
    }
  },
  "defaults": {
    "styleExt": "scss",
    "prefixInterfaces": false
  }
}
